<?xml version="1.0"?>
<config xmlns:xsi="http://www.w3.org/2001/XMLSchema-instance"
        xsi:noNamespaceSchemaLocation="urn:magento:module:Magento_Config:etc/system_file.xsd">
    <system>
        <tab id="vdcstore" translate="label" sortOrder="0">
            <label>Vdcstore</label>
        </tab>
        <section id="minorder_amt" translate="label" type="text" sortOrder="320" showInDefault="1" showInWebsite="1"
                 showInStore="1">
            <label>Minimum Order Amount</label>
            <tab>vdcstore</tab>
            <resource>Vdcstore_MinOrderAmt::vdcstore_allminorder_config</resource>
            <group id="general" translate="label" type="text" sortOrder="10" showInDefault="1" showInWebsite="1"
                   showInStore="1">
                <label>Configuration</label>
                <field id="enable" translate="label" type="select" sortOrder="1" showInDefault="1" showInWebsite="0"
                       showInStore="1">
                    <label>Order Amount for Customer Group</label>
                    <source_model>Magento\Config\Model\Config\Source\Yesno</source_model>
                </field>

                <field id="dynamic_field" translate="label" sortOrder="10" showInDefault="1" showInWebsite="1"
                       showInStore="1">
                    <label>Order Amount</label>
                    <backend_model>Vdcstore\MinOrderAmt\Block\Adminhtml\Config\Backend\ArraySerialized</backend_model>
                    <frontend_model>Vdcstore\MinOrderAmt\Block\Adminhtml\DynamicField</frontend_model>
                    <depends>
                        <field id="minorder_amt/general/enable">1</field>
                    </depends>
                </field>

                <field id="alertmsg" type="text" translate="label comment" sortOrder="20" showInDefault="1"
                       showInWebsite="1" showInStore="0">
                    <label>Alert Message</label>
                    <depends>
                        <field id="minorder_amt/general/enable">1</field>
                    </depends>
                    <validate>required-entry</validate>
                </field>
            </group>
        </section>
    </system>
</config>
