<?xml version="1.0"?>
<config xmlns:xsi="http://www.w3.org/2001/XMLSchema-instance"
        xsi:noNamespaceSchemaLocation="urn:magento:module:Magento_Config:etc/system_file.xsd">
    <system>
        <tab id="vdcstore" translate="label" sortOrder="0">
            <label>Vdcstore</label>
        </tab>
        <section id="limitcart_amt" translate="label" type="text" sortOrder="320" showInDefault="1" showInWebsite="1"
                 showInStore="1">
            <label>Limit Cart Quantity</label>
            <tab>vdcstore</tab>
            <resource>Vdcstore_LimitCart::vdcstore_limitcart_config</resource>
            <group id="general" translate="label" type="text" sortOrder="10" showInDefault="1" showInWebsite="1"
                   showInStore="1">
                <label>Configuration</label>
                <field id="enable" translate="label" type="select" sortOrder="1" showInDefault="1" showInWebsite="0"
                       showInStore="1">
                    <label>Limit Quantity Per customer Group</label>
                    <source_model>Magento\Config\Model\Config\Source\Yesno</source_model>
                </field>
                    <field id="minimum_alertmsg" type="text" translate="label comment" sortOrder="20" showInDefault="1"
                       showInWebsite="1" showInStore="0">
                    <label>Alert Message For Minimum Cart Quantity</label>
                    <validate>required-entry</validate>
                </field>
                <field id="minimum_quantity" translate="label" sortOrder="10" showInDefault="1" showInWebsite="1"
                       showInStore="1">
                    <label>Minimum Quantity Allowed</label>
                    <backend_model>Vdcstore\LimitCart\Block\Adminhtml\Config\Backend\ArraySerialized</backend_model>
                    <frontend_model>Vdcstore\LimitCart\Block\Adminhtml\DynamicField</frontend_model>
                </field>
                <field id="maximum_quantity" translate="label" sortOrder="10" showInDefault="1" showInWebsite="1"
                       showInStore="1">
                    <label>Maximum Quantity Allowed</label>
                    <backend_model>Vdcstore\LimitCart\Block\Adminhtml\Config\Backend\ArraySerialized</backend_model>
                    <frontend_model>Vdcstore\LimitCart\Block\Adminhtml\DynamicField</frontend_model>
                </field>
                <field id="maximum_alertmsg" type="text" translate="label comment" sortOrder="20" showInDefault="1"
                       showInWebsite="1" showInStore="0">
                    <label>Alert Message For Maximum Cart Quantity</label>
                    <validate>required-entry</validate>
                </field>
                 </group>
        </section>
    </system>
</config>
